{
  "model_name": "tfidf_baseline",
  "model_family": "baseline",
  "accuracy": 0.5752808988764045,
  "macro_f1": 0.4646595756086166,
  "weighted_f1": 0.6041238743665586,
  "labels": [
    "Mixed_feelings",
    "Negative",
    "Positive",
    "not-Tamil",
    "unknown_state"
  ],
  "classification_report": {
    "Mixed_feelings": {
      "precision": 0.21495327102803738,
      "recall": 0.2569832402234637,
      "f1-score": 0.2340966921119593,
      "support": 358.0
    },
    "Negative": {
      "precision": 0.3286467486818981,
      "recall": 0.4605911330049261,
      "f1-score": 0.38358974358974357,
      "support": 406.0
    },
    "Positive": {
      "precision": 0.8356923076923077,
      "recall": 0.6519443110897744,
      "f1-score": 0.732470334412082,
      "support": 2083.0
    },
    "not-Tamil": {
      "precision": 0.6046511627906976,
      "recall": 0.7878787878787878,
      "f1-score": 0.6842105263157895,
      "support": 99.0
    },
    "unknown_state": {
      "precision": 0.21153846153846154,
      "recall": 0.4556213017751479,
      "f1-score": 0.28893058161350843,
      "support": 169.0
    },
    "accuracy": 0.5752808988764045,
    "macro avg": {
      "precision": 0.43909639034628045,
      "recall": 0.52260375479442,
      "f1-score": 0.4646595756086166,
      "support": 3115.0
    },
    "weighted avg": {
      "precision": 0.6570598372495166,
      "recall": 0.5752808988764045,
      "f1-score": 0.6041238743665586,
      "support": 3115.0
    }
  },
  "confusion_matrix": [
    [
      92,
      85,
      128,
      7,
      46
    ],
    [
      61,
      187,
      101,
      9,
      48
    ],
    [
      252,
      257,
      1358,
      27,
      189
    ],
    [
      2,
      6,
      9,
      78,
      4
    ],
    [
      21,
      34,
      29,
      8,
      77
    ]
  ],
  "metrics_path": "C:\\Users\\admin\\Desktop\\Tamil-English NLP Intelligence Suite\\reports\\baseline_metrics.json",
  "confusion_matrix_path": "C:\\Users\\admin\\Desktop\\Tamil-English NLP Intelligence Suite\\reports\\confusion_matrix_tfidf_baseline.png",
  "model_path": "C:\\Users\\admin\\Desktop\\Tamil-English NLP Intelligence Suite\\models\\tfidf_baseline.joblib"
}